-- Setsuna_Greatworks
-- Author: shigure
-- DateCreated: 5/19/2022 12:40:56 AM
--------------------------------------------------------------
INSERT INTO Types
	(Type, Kind)
VALUES
	('GREATWORK_NIJIGASAKI_RECORD1',	'KIND_GREATWORK'),
	('GREATWORK_NIJIGASAKI_RECORD2',	'KIND_GREATWORK'),
	('GREATWORK_NIJIGASAKI_RECORD3',	'KIND_GREATWORK'),
	('GREATWORK_NIJIGASAKI_RECORD4',	'KIND_GREATWORK'),
	('GREATWORK_NIJIGASAKI_RECORD5',	'KIND_GREATWORK'),
	('GREATWORK_NIJIGASAKI_RECORD6',	'KIND_GREATWORK'),
	('GREATWORK_NIJIGASAKI_RECORD7',	'KIND_GREATWORK'),
	('GREATWORK_NIJIGASAKI_RECORD8',	'KIND_GREATWORK'),
	('GREATWORK_NIJIGASAKI_RECORD9',	'KIND_GREATWORK'),
	('GREATWORK_NIJIGASAKI_RECORD10',	'KIND_GREATWORK'),
	('GREATWORK_NIJIGASAKI_RECORD11',	'KIND_GREATWORK'),
	('GREATWORK_NIJIGASAKI_RECORD12',	'KIND_GREATWORK'),
	('GREATWORK_NIJIGASAKI_RECORD13',	'KIND_GREATWORK'),
	('GREATWORK_NIJIGASAKI_RECORD14',	'KIND_GREATWORK'),
	('GREATWORK_NIJIGASAKI_RECORD15',	'KIND_GREATWORK'),
	('GREATWORK_NIJIGASAKI_RECORD16',	'KIND_GREATWORK'),
	('GREATWORK_NIJIGASAKI_RECORD17',	'KIND_GREATWORK'),
	('GREATWORK_NIJIGASAKI_RECORD18',	'KIND_GREATWORK'),
	('GREATWORK_NIJIGASAKI_RECORD19',	'KIND_GREATWORK'),
	('GREATWORK_NIJIGASAKI_RECORD20',	'KIND_GREATWORK'),
	('GREATWORK_NIJIGASAKI_RECORD21',	'KIND_GREATWORK'),
	('GREATWORK_NIJIGASAKI_RECORD22',	'KIND_GREATWORK'),
	('GREATWORK_NIJIGASAKI_RECORD23',	'KIND_GREATWORK'),
	('GREATWORK_NIJIGASAKI_RECORD24',	'KIND_GREATWORK'),
	('GREATWORK_NIJIGASAKI_RECORD25',	'KIND_GREATWORK'),
	('GREATWORK_NIJIGASAKI_RECORD26',	'KIND_GREATWORK'),
	('GREATWORK_NIJIGASAKI_RECORD27',	'KIND_GREATWORK'),
	('GREATWORK_NIJIGASAKI_RECORD28',	'KIND_GREATWORK'),
	('GREATWORK_NIJIGASAKI_RECORD29',	'KIND_GREATWORK'),
	('GREATWORK_NIJIGASAKI_RECORD30',	'KIND_GREATWORK'),
	('GREATWORK_NIJIGASAKI_RECORD31',	'KIND_GREATWORK'),
	('GREATWORK_NIJIGASAKI_RECORD32',	'KIND_GREATWORK'),
	('GREATWORK_NIJIGASAKI_RECORD33',	'KIND_GREATWORK'),
	('GREATWORK_NIJIGASAKI_RECORD34',	'KIND_GREATWORK'),
	('GREATWORK_NIJIGASAKI_RECORD35',	'KIND_GREATWORK'),
	('GREATWORK_NIJIGASAKI_RECORD36',	'KIND_GREATWORK');

INSERT INTO GreatWorks
	(GreatWorkType, GreatWorkObjectType, GreatPersonIndividualType, Name, Audio, Tourism)
VALUES
	('GREATWORK_NIJIGASAKI_RECORD1',	'GREATWORKOBJECT_MUSIC',	'GREAT_PERSON_INDIVIDUAL_NIJIGASAKI1',	'LOC_GREATWORK_NIJIGASAKI_RECORD1_NAME',	NULL,	5),
	('GREATWORK_NIJIGASAKI_RECORD2',	'GREATWORKOBJECT_MUSIC',	'GREAT_PERSON_INDIVIDUAL_NIJIGASAKI1',	'LOC_GREATWORK_NIJIGASAKI_RECORD2_NAME',	NULL,	5),
	('GREATWORK_NIJIGASAKI_RECORD3',	'GREATWORKOBJECT_MUSIC',	'GREAT_PERSON_INDIVIDUAL_NIJIGASAKI2',	'LOC_GREATWORK_NIJIGASAKI_RECORD3_NAME',	NULL,	5),
	('GREATWORK_NIJIGASAKI_RECORD4',	'GREATWORKOBJECT_MUSIC',	'GREAT_PERSON_INDIVIDUAL_NIJIGASAKI2',	'LOC_GREATWORK_NIJIGASAKI_RECORD4_NAME',	NULL,	5),
	('GREATWORK_NIJIGASAKI_RECORD5',	'GREATWORKOBJECT_MUSIC',	'GREAT_PERSON_INDIVIDUAL_NIJIGASAKI3',	'LOC_GREATWORK_NIJIGASAKI_RECORD5_NAME',	NULL,	5),
	('GREATWORK_NIJIGASAKI_RECORD6',	'GREATWORKOBJECT_MUSIC',	'GREAT_PERSON_INDIVIDUAL_NIJIGASAKI3',	'LOC_GREATWORK_NIJIGASAKI_RECORD6_NAME',	NULL,	5),
	('GREATWORK_NIJIGASAKI_RECORD7',	'GREATWORKOBJECT_MUSIC',	'GREAT_PERSON_INDIVIDUAL_NIJIGASAKI4',	'LOC_GREATWORK_NIJIGASAKI_RECORD7_NAME',	NULL,	5),
	('GREATWORK_NIJIGASAKI_RECORD8',	'GREATWORKOBJECT_MUSIC',	'GREAT_PERSON_INDIVIDUAL_NIJIGASAKI4',	'LOC_GREATWORK_NIJIGASAKI_RECORD8_NAME',	NULL,	5),
	('GREATWORK_NIJIGASAKI_RECORD9',	'GREATWORKOBJECT_MUSIC',	'GREAT_PERSON_INDIVIDUAL_NIJIGASAKI5',	'LOC_GREATWORK_NIJIGASAKI_RECORD9_NAME',	NULL,	5),
	('GREATWORK_NIJIGASAKI_RECORD10',	'GREATWORKOBJECT_MUSIC',	'GREAT_PERSON_INDIVIDUAL_NIJIGASAKI5',	'LOC_GREATWORK_NIJIGASAKI_RECORD10_NAME',	NULL,	5),
	('GREATWORK_NIJIGASAKI_RECORD11',	'GREATWORKOBJECT_MUSIC',	'GREAT_PERSON_INDIVIDUAL_NIJIGASAKI6',	'LOC_GREATWORK_NIJIGASAKI_RECORD11_NAME',	NULL,	5),
	('GREATWORK_NIJIGASAKI_RECORD12',	'GREATWORKOBJECT_MUSIC',	'GREAT_PERSON_INDIVIDUAL_NIJIGASAKI6',	'LOC_GREATWORK_NIJIGASAKI_RECORD12_NAME',	NULL,	5),
	('GREATWORK_NIJIGASAKI_RECORD13',	'GREATWORKOBJECT_MUSIC',	'GREAT_PERSON_INDIVIDUAL_NIJIGASAKI7',	'LOC_GREATWORK_NIJIGASAKI_RECORD13_NAME',	NULL,	5),
	('GREATWORK_NIJIGASAKI_RECORD14',	'GREATWORKOBJECT_MUSIC',	'GREAT_PERSON_INDIVIDUAL_NIJIGASAKI7',	'LOC_GREATWORK_NIJIGASAKI_RECORD14_NAME',	NULL,	5),
	('GREATWORK_NIJIGASAKI_RECORD15',	'GREATWORKOBJECT_MUSIC',	'GREAT_PERSON_INDIVIDUAL_NIJIGASAKI8',	'LOC_GREATWORK_NIJIGASAKI_RECORD15_NAME',	NULL,	5),
	('GREATWORK_NIJIGASAKI_RECORD16',	'GREATWORKOBJECT_MUSIC',	'GREAT_PERSON_INDIVIDUAL_NIJIGASAKI8',	'LOC_GREATWORK_NIJIGASAKI_RECORD16_NAME',	NULL,	5),
	('GREATWORK_NIJIGASAKI_RECORD17',	'GREATWORKOBJECT_MUSIC',	'GREAT_PERSON_INDIVIDUAL_NIJIGASAKI9',	'LOC_GREATWORK_NIJIGASAKI_RECORD17_NAME',	NULL,	5),
	('GREATWORK_NIJIGASAKI_RECORD18',	'GREATWORKOBJECT_MUSIC',	'GREAT_PERSON_INDIVIDUAL_NIJIGASAKI9',	'LOC_GREATWORK_NIJIGASAKI_RECORD18_NAME',	NULL,	5),
	('GREATWORK_NIJIGASAKI_RECORD19',	'GREATWORKOBJECT_MUSIC',	'GREAT_PERSON_INDIVIDUAL_NIJIGASAKI10',	'LOC_GREATWORK_NIJIGASAKI_RECORD19_NAME',	NULL,	5),
	('GREATWORK_NIJIGASAKI_RECORD20',	'GREATWORKOBJECT_MUSIC',	'GREAT_PERSON_INDIVIDUAL_NIJIGASAKI10',	'LOC_GREATWORK_NIJIGASAKI_RECORD20_NAME',	NULL,	5),
	('GREATWORK_NIJIGASAKI_RECORD21',	'GREATWORKOBJECT_MUSIC',	'GREAT_PERSON_INDIVIDUAL_NIJIGASAKI11',	'LOC_GREATWORK_NIJIGASAKI_RECORD21_NAME',	NULL,	5),
	('GREATWORK_NIJIGASAKI_RECORD22',	'GREATWORKOBJECT_MUSIC',	'GREAT_PERSON_INDIVIDUAL_NIJIGASAKI11',	'LOC_GREATWORK_NIJIGASAKI_RECORD22_NAME',	NULL,	5),
	('GREATWORK_NIJIGASAKI_RECORD23',	'GREATWORKOBJECT_MUSIC',	'GREAT_PERSON_INDIVIDUAL_NIJIGASAKI12',	'LOC_GREATWORK_NIJIGASAKI_RECORD23_NAME',	NULL,	5),
	('GREATWORK_NIJIGASAKI_RECORD24',	'GREATWORKOBJECT_MUSIC',	'GREAT_PERSON_INDIVIDUAL_NIJIGASAKI12',	'LOC_GREATWORK_NIJIGASAKI_RECORD24_NAME',	NULL,	5),
	('GREATWORK_NIJIGASAKI_RECORD25',	'GREATWORKOBJECT_MUSIC',	'GREAT_PERSON_INDIVIDUAL_NIJIGASAKI13',	'LOC_GREATWORK_NIJIGASAKI_RECORD25_NAME',	NULL,	5),
	('GREATWORK_NIJIGASAKI_RECORD26',	'GREATWORKOBJECT_MUSIC',	'GREAT_PERSON_INDIVIDUAL_NIJIGASAKI13',	'LOC_GREATWORK_NIJIGASAKI_RECORD26_NAME',	NULL,	5),
	('GREATWORK_NIJIGASAKI_RECORD27',	'GREATWORKOBJECT_MUSIC',	'GREAT_PERSON_INDIVIDUAL_NIJIGASAKI14',	'LOC_GREATWORK_NIJIGASAKI_RECORD27_NAME',	NULL,	5),
	('GREATWORK_NIJIGASAKI_RECORD28',	'GREATWORKOBJECT_MUSIC',	'GREAT_PERSON_INDIVIDUAL_NIJIGASAKI14',	'LOC_GREATWORK_NIJIGASAKI_RECORD28_NAME',	NULL,	5),
	('GREATWORK_NIJIGASAKI_RECORD29',	'GREATWORKOBJECT_MUSIC',	'GREAT_PERSON_INDIVIDUAL_NIJIGASAKI15',	'LOC_GREATWORK_NIJIGASAKI_RECORD29_NAME',	NULL,	5),
	('GREATWORK_NIJIGASAKI_RECORD30',	'GREATWORKOBJECT_MUSIC',	'GREAT_PERSON_INDIVIDUAL_NIJIGASAKI15',	'LOC_GREATWORK_NIJIGASAKI_RECORD30_NAME',	NULL,	5),
	('GREATWORK_NIJIGASAKI_RECORD31',	'GREATWORKOBJECT_MUSIC',	'GREAT_PERSON_INDIVIDUAL_NIJIGASAKI16',	'LOC_GREATWORK_NIJIGASAKI_RECORD31_NAME',	NULL,	10),
	('GREATWORK_NIJIGASAKI_RECORD32',	'GREATWORKOBJECT_MUSIC',	'GREAT_PERSON_INDIVIDUAL_NIJIGASAKI17',	'LOC_GREATWORK_NIJIGASAKI_RECORD32_NAME',	NULL,	5),
	('GREATWORK_NIJIGASAKI_RECORD33',	'GREATWORKOBJECT_MUSIC',	'GREAT_PERSON_INDIVIDUAL_NIJIGASAKI17',	'LOC_GREATWORK_NIJIGASAKI_RECORD33_NAME',	NULL,	5),
	('GREATWORK_NIJIGASAKI_RECORD34',	'GREATWORKOBJECT_MUSIC',	'GREAT_PERSON_INDIVIDUAL_NIJIGASAKI17',	'LOC_GREATWORK_NIJIGASAKI_RECORD34_NAME',	NULL,	5),
	('GREATWORK_NIJIGASAKI_RECORD35',	'GREATWORKOBJECT_MUSIC',	'GREAT_PERSON_INDIVIDUAL_NIJIGASAKI17',	'LOC_GREATWORK_NIJIGASAKI_RECORD35_NAME',	NULL,	5),
	('GREATWORK_NIJIGASAKI_RECORD36',	'GREATWORKOBJECT_MUSIC',	'GREAT_PERSON_INDIVIDUAL_NIJIGASAKI17',	'LOC_GREATWORK_NIJIGASAKI_RECORD36_NAME',	NULL,	5);

INSERT INTO GreatWork_YieldChanges
	(GreatWorkType, YieldType, YieldChange)
VALUES
	('GREATWORK_NIJIGASAKI_RECORD1',	'YIELD_CULTURE',	4),
	('GREATWORK_NIJIGASAKI_RECORD2',	'YIELD_CULTURE',	4),
	('GREATWORK_NIJIGASAKI_RECORD3',	'YIELD_CULTURE',	4),
	('GREATWORK_NIJIGASAKI_RECORD4',	'YIELD_CULTURE',	4),
	('GREATWORK_NIJIGASAKI_RECORD5',	'YIELD_CULTURE',	4),
	('GREATWORK_NIJIGASAKI_RECORD6',	'YIELD_CULTURE',	4),
	('GREATWORK_NIJIGASAKI_RECORD7',	'YIELD_CULTURE',	4),
	('GREATWORK_NIJIGASAKI_RECORD8',	'YIELD_CULTURE',	4),
	('GREATWORK_NIJIGASAKI_RECORD9',	'YIELD_CULTURE',	4),
	('GREATWORK_NIJIGASAKI_RECORD10',	'YIELD_CULTURE',	4),
	('GREATWORK_NIJIGASAKI_RECORD11',	'YIELD_CULTURE',	4),
	('GREATWORK_NIJIGASAKI_RECORD12',	'YIELD_CULTURE',	4),
	('GREATWORK_NIJIGASAKI_RECORD13',	'YIELD_CULTURE',	4),
	('GREATWORK_NIJIGASAKI_RECORD14',	'YIELD_CULTURE',	4),
	('GREATWORK_NIJIGASAKI_RECORD15',	'YIELD_CULTURE',	4),
	('GREATWORK_NIJIGASAKI_RECORD16',	'YIELD_CULTURE',	4),
	('GREATWORK_NIJIGASAKI_RECORD17',	'YIELD_CULTURE',	4),
	('GREATWORK_NIJIGASAKI_RECORD18',	'YIELD_CULTURE',	4),
	('GREATWORK_NIJIGASAKI_RECORD19',	'YIELD_CULTURE',	4),
	('GREATWORK_NIJIGASAKI_RECORD20',	'YIELD_CULTURE',	4),
	('GREATWORK_NIJIGASAKI_RECORD21',	'YIELD_CULTURE',	4),
	('GREATWORK_NIJIGASAKI_RECORD22',	'YIELD_CULTURE',	4),
	('GREATWORK_NIJIGASAKI_RECORD23',	'YIELD_CULTURE',	4),
	('GREATWORK_NIJIGASAKI_RECORD24',	'YIELD_CULTURE',	4),
	('GREATWORK_NIJIGASAKI_RECORD25',	'YIELD_CULTURE',	4),
	('GREATWORK_NIJIGASAKI_RECORD26',	'YIELD_CULTURE',	4),
	('GREATWORK_NIJIGASAKI_RECORD27',	'YIELD_CULTURE',	4),
	('GREATWORK_NIJIGASAKI_RECORD28',	'YIELD_CULTURE',	4),
	('GREATWORK_NIJIGASAKI_RECORD29',	'YIELD_CULTURE',	4),
	('GREATWORK_NIJIGASAKI_RECORD30',	'YIELD_CULTURE',	4),
	('GREATWORK_NIJIGASAKI_RECORD31',	'YIELD_CULTURE',	8),
	('GREATWORK_NIJIGASAKI_RECORD32',	'YIELD_CULTURE',	4),
	('GREATWORK_NIJIGASAKI_RECORD33',	'YIELD_CULTURE',	4),
	('GREATWORK_NIJIGASAKI_RECORD34',	'YIELD_CULTURE',	4),
	('GREATWORK_NIJIGASAKI_RECORD35',	'YIELD_CULTURE',	4),
	('GREATWORK_NIJIGASAKI_RECORD36',	'YIELD_CULTURE',	4);